dataset,abstraction_method,partition_num,abstract_state_num,epsilon,pca_dim,model_type,hmm_n_comp,grid_history_dependency_num,execution_time,aucroc,p_value,accuracy,f1_score,abnormal_threshold,settings
advglue++,GMM,,200,,512,DTMC,,,198.80188989639282,0.6900573347544954,0.041356559060422717,0.3669112741827885,0.21914426769061987,0.49341471964240713,GMM_200_512_DTMC_0_0
advglue++,GMM,,200,,1024,DTMC,,,325.4947142601013,0.7076991694222305,0.010148058946568148,0.32521681120747165,0.2176099007348202,0.47372493886086264,GMM_200_1024_DTMC_0_0
advglue++,GMM,,200,,2048,DTMC,,,379.5690031051636,0.7247839048642623,0.08590938755067713,0.349344007115855,0.18609179415855356,0.40664286224649043,GMM_200_2048_DTMC_0_0
advglue++,GMM,,400,,512,DTMC,,,115.17730665206909,0.6687308279792139,1.061766685077698e-12,0.39426284189459637,0.24563832733314872,0.5054135404812939,GMM_400_512_DTMC_0_0
advglue++,GMM,,400,,1024,DTMC,,,132.8656620979309,0.7034282712787513,9.810299049276107e-13,0.3455637091394263,0.24090791849368068,0.486359215340334,GMM_400_1024_DTMC_0_0
